keyword,location_code,language_code,created_at
property management edmonton,2124,en,2026-08-26 16:46:44
property management vancouver,2124,en,2026-08-26 16:46:44
property management calgary,2124,en,2026-08-26 16:46:44
icon property management,2124,en,2026-08-26 16:46:44
peninsula property management,2124,en,2026-08-26 16:46:44
goldview property management,2124,en,2026-08-26 16:46:44
larlyn property management,2124,en,2026-08-26 16:46:44
york property management,2124,en,2026-08-26 16:46:44
property management kingston,2124,en,2026-08-26 16:46:44
property management winnipeg,2124,en,2026-08-26 16:46:44
pillar property management,2124,en,2026-08-26 16:46:44
gpm property management,2124,en,2026-08-26 16:46:44
nadlan harris property management,2124,en,2026-08-26 16:46:44
prime property management,2124,en,2026-08-26 16:46:44
upper edge property management,2124,en,2026-08-26 16:46:44
midwest property management,2124,en,2026-08-26 16:46:44
centurion property management,2124,en,2026-08-26 16:46:44
krown property management,2124,en,2026-08-26 16:46:44
onyx property management,2124,en,2026-08-26 16:46:44
quay pacific property management,2124,en,2026-08-26 16:46:44
property management kelowna,2124,en,2026-08-26 16:46:44
advanced property management,2124,en,2026-08-26 16:46:44
property management saskatoon,2124,en,2026-08-26 16:46:44
times property management,2124,en,2026-08-26 16:46:44
elite property management,2124,en,2026-08-26 16:46:44
property management halifax,2124,en,2026-08-26 16:46:44
eastway property management,2124,en,2026-08-26 16:46:44
property management surrey bc,2124,en,2026-08-26 16:46:44
property management montreal,2124,en,2026-08-26 16:46:44
spm property management,2124,en,2026-08-26 16:46:44
property management companies winnipeg,2124,en,2026-08-26 16:46:44
homelife property management,2124,en,2026-08-26 16:46:44
property management hamilton,2124,en,2026-08-26 16:46:44
panadew property management,2124,en,2026-08-26 16:46:44
greenleaf property management,2124,en,2026-08-26 16:46:44
skyline property management,2124,en,2026-08-26 16:46:44
premier property management,2124,en,2026-08-26 16:46:44
frastell property management,2124,en,2026-08-26 16:46:44
fremont property management,2124,en,2026-08-26 16:46:44
williams mcdaniel property management,2124,en,2026-08-26 16:46:44
onpoint property management ltd,2124,en,2026-08-26 16:46:44
summerhill property management,2124,en,2026-08-26 16:46:44
keystone property management,2124,en,2026-08-26 16:46:44
select property management,2124,en,2026-08-26 16:46:44
west coast property management,2124,en,2026-08-26 16:46:44
thorne property management,2124,en,2026-08-26 16:46:44
castle property management,2124,en,2026-08-26 16:46:44
real property management,2124,en,2026-08-26 16:46:44
amr property management,2124,en,2026-08-26 16:46:44
pinnacle property management,2124,en,2026-08-26 16:46:44
property management abbotsford,2124,en,2026-08-26 16:47:32
property management kamloops,2124,en,2026-08-26 16:47:32
o'shea property management,2124,en,2026-08-26 16:47:32
triton property management,2124,en,2026-08-26 16:47:32
envision property management,2124,en,2026-08-26 16:47:32
first choice property management,2124,en,2026-08-26 16:47:32
cornerstone property management,2124,en,2026-08-26 16:47:32
property management burnaby,2124,en,2026-08-26 16:47:32
vancouver general contractor,2124,en,2026-08-26 17:36:13
vancouver general contractors,2124,en,2026-08-26 17:36:13
contractor vancouver,2124,en,2026-08-26 17:36:13
construction contractor vancouver,2124,en,2026-08-26 17:36:13
general contractors north vancouver,2124,en,2026-08-26 17:36:13
north vancouver general contractor,2124,en,2026-08-26 17:36:13
development companies vancouver,2124,en,2026-08-26 17:36:13
real estate development companies vancouver,2124,en,2026-08-26 17:36:13
real estate developers vancouver,2124,en,2026-08-26 17:36:13
multi-family residential,2124,en,2026-08-26 17:36:13
multi family residential buildings,2124,en,2026-08-26 17:36:13
multi unit residential building,2124,en,2026-08-26 17:36:13
townhouse vancouver,2124,en,2026-08-26 17:36:13
apartment buildings vancouver,2124,en,2026-08-26 17:36:13
new builds vancouver,2124,en,2026-08-26 17:36:13
custom home builder vancouver,2124,en,2026-08-26 17:36:13
custom home builders vancouver,2124,en,2026-08-26 17:36:13
home builders vancouver,2124,en,2026-08-26 17:36:13
luxury home builders vancouver,2124,en,2026-08-26 17:36:13
design build vancouver,2124,en,2026-08-26 17:36:13
best home builders in vancouver bc,2124,en,2026-08-26 17:36:13
custom home builders north vancouver,2124,en,2026-08-26 17:36:13
test seo skill 1,2124,en,2026-08-26 18:23:36
test seo skill 2,2124,en,2026-08-26 18:23:36
test seo skill 3,2124,en,2026-08-26 18:23:36
contractors vancouver,2124,en,2026-08-26 21:27:35
vancouver builder,2124,en,2026-08-26 21:27:35
vancouver builders,2124,en,2026-08-26 21:27:35
general contractor vancouver bc,2124,en,2026-08-26 21:27:35
construction company vancouver,2124,en,2026-08-26 21:27:35
vancouver construction company,2124,en,2026-08-26 21:27:35
construction management vancouver,2124,en,2026-08-26 21:27:35
townhouse builder vancouver,2124,en,2026-08-26 21:27:35
townhouse construction vancouver,2124,en,2026-08-26 21:27:35
multifamily residential vancouver,2124,en,2026-08-26 21:27:35
multifamily construction vancouver,2124,en,2026-08-26 21:27:35
multi-family residential development,2124,en,2026-08-26 21:27:35
vancouver developer,2124,en,2026-08-26 21:27:35
vancouver developers,2124,en,2026-08-26 21:27:35
design build firms vancouver,2124,en,2026-08-26 21:27:35
apartment construction vancouver,2124,en,2026-08-26 21:27:35
construction management,2124,en,2026-08-26 21:27:35
construction project management vancouver,2124,en,2026-08-26 21:27:35
residential construction vancouver,2124,en,2026-08-26 21:27:35
residential builder vancouver,2124,en,2026-08-26 21:27:35
home renovation vancouver,2124,en,2026-08-26 21:27:35
renovation contractors vancouver,2124,en,2026-08-26 21:27:35
bathroom renovation vancouver,2124,en,2026-08-26 21:27:35
kitchen renovation vancouver,2124,en,2026-08-26 21:27:35
condo renovations vancouver,2124,en,2026-08-26 21:27:35
vancouver renovation contractors,2124,en,2026-08-26 21:27:35
lower coast building group,2124,en,2026-08-26 21:27:35
yvr construction group,2124,en,2026-08-26 21:27:35
vancouver custom home builder,2124,en,2026-08-26 21:27:35
commercial general contractors vancouver bc,2124,en,2026-08-26 21:27:35
sitka coast construction,2124,en,2026-08-26 21:27:35
vancouver general contractor reviews,2124,en,2026-08-26 21:27:35
bc general contractors,2124,en,2026-08-26 21:27:35
vancouver general contractors reviews,2124,en,2026-08-26 21:27:35
heilman renovations,2124,en,2026-08-26 21:27:35
construction project management,2124,en,2026-08-26 21:27:35
construction project manager vancouver,2124,en,2026-08-26 21:27:35
